stop_id,stop_code,stop_name,stop_desc,stop_lat,stop_lon,zone_id,stop_url,location_type,parent_station,stop_timezone,wheelchair_boarding,stop_id
3539,3539,Eglinton Ave East at Kennedy Station,,43.732292,-79.267117,,,,,,1,3539
9896,9896,Eglinton Ave West at Everden Rd - Cedarvale Station,,43.698565,-79.436704,,,,,,1,9896
9895,9895,Eglinton Ave West at Everden Rd - Cedarvale Station,,43.698853,-79.435955,,,,,,1,9895
4285,4285,Kipling Ave at Belfield Rd - Etobicoke North GO Station,,43.704725,-79.56316,,,,,,1,4285
13068,13068,Lawrence Ave East at East Ave - Rouge Hill GO Station,,43.780829,-79.131368,,,,,,1,13068
5415,5415,Lawrence Ave West at Weston Rd - Weston GO Station,,43.700276,-79.516006,,,,,,1,5415
5519,5519,Rouge Hill GO Station Loop,,43.780719,-79.130474,,,,,,1,5519
6530,6530,Rouge Hill GO Station Loop,,43.780905,-79.129822,,,,,,1,6530
4435,4435,Long Branch Loop - Long Branch GO Station,,43.592111,-79.5437,,,,,,1,4435
1262,1262,Main St at Danforth Ave - Danforth GO Station,,43.688037,-79.301635,,,,,,2,1262
11826,11826,Main St at Danforth Ave - Danforth GO Station,,43.687796,-79.301532,,,,,,1,11826
9149,9149,Keele St at Finch Ave West North Side - Finch West Station,,43.764093,-79.490996,,,,,,1,9149
11321,11321,Keele St at Finch Ave West - Finch West Station,,43.763952,-79.491402,,,,,,1,11321
6931,6931,Ranee Ave at Varna Dr - Yorkdale Station,,43.723727,-79.446059,,,,,,1,6931
3336,3336,Belfield Rd at Kipling Ave - Etobicoke North GO Station,,43.704617,-79.563789,,,,,,1,3336
8977,8977,Yonge St at Eglinton Ave East - Eglinton Station,,43.706334,-79.398105,,,,,,1,8977
12203,12203,Lawrence West Station,,43.716218,-79.444374,,,,,,1,12203
8122,8122,Spadina Rd at Dupont St - Dupont Station,,43.675002,-79.407221,,,,,,1,8122
9132,9132,Finch Ave West at Yonge St - Finch Station,,43.779444,-79.416584,,,,,,1,9132
7350,7350,Spadina Rd at Dupont St - Dupont Station,,43.67473,-79.406924,,,,,,1,7350
352,352,Bellamy Rd North at Eglinton Ave East North Side - Eglinton GO Station,,43.740751,-79.232066,,,,,,1,352
7982,7982,Millwood Rd at Village Station Rd,,43.701944,-79.357766,,,,,,1,7982
4733,4733,Yonge St at St Clair Ave East - St. Clair Station,,43.687897,-79.393924,,,,,,1,4733
7152,7152,Sheppard Ave East at Bayview Ave East Side - Bayview Station,,43.766665,-79.387427,,,,,,1,7152
1028,1028,Dupont St at Spadina Rd West Side - Dupont Station,,43.674888,-79.407407,,,,,,1,1028
10945,10945,Queens Quay/Ferry Docks Station,,43.641806,-79.377186,,,,,,1,10945
9037,9037,Yonge St at Crescent Rd South Side - Rosedale Station,,43.676573,-79.389457,,,,,,1,9037
8989,8989,Yonge St at Finch Ave West - Finch Station,,43.779948,-79.415773,,,,,,1,8989
5511,5511,Long Branch Loop - Long Branch GO Station,,43.591811,-79.544124,,,,,,1,5511
3212,3212,Yonge St at Bishop Ave North Side - Finch Station,,43.782039,-79.415929,,,,,,1,3212
7242,7242,Sheppard Ave East at Old Leslie St - Leslie Station,,43.771198,-79.366681,,,,,,1,7242
9065,9065,Yonge St at York Mills Rd North Side - York Mills Station,,43.744863,-79.40666,,,,,,1,9065
6859,6859,Queen St West at University Ave - Osgoode Station,,43.65097,-79.386257,,,,,,1,6859
3665,3665,Glencairn Station,,43.709467,-79.441148,,,,,,1,3665
7275,7275,Sheppard Ave West at Dufferin St - Sheppard West Station,,43.750543,-79.462607,,,,,,1,7275
4286,4286,Kipling Ave at Belfield Rd - Etobicoke North GO Station,,43.705019,-79.563774,,,,,,1,4286
3234,3234,Yonge St at King St East - King Station,,43.64905,-79.377753,,,,,,1,3234
8778,8778,Weston Rd at Wilby Cres - Weston GO Station,,43.698344,-79.511454,,,,,,1,8778
6115,6115,St Clair Ave East at Linden Ave - Scarborough GO Station,,43.717955,-79.255615,,,,,,1,6115
3666,3666,Glencairn Station,,43.709595,-79.441316,,,,,,1,3666
9043,9043,Yonge St at Shaftesbury Ave North Side - Summerhill Station,,43.68239,-79.391664,,,,,,1,9043
3221,3221,Yonge St at Dundas St East - TMU Station,,43.656196,-79.380763,,,,,,1,3221
13654,13654,Markham Rd at Bur Oak Ave - Mount Joy GO Station,,43.900455,-79.266217,,,,,,2,13654
847,847,College St at University Ave - Queen's Park Station,,43.659697,-79.390773,,,,,,1,847
13677,13677,Sheppard Ave East at Bessarion Rd East Side - Bessarion Station,,43.769184,-79.376076,,,,,,1,13677
2020,2020,Dufferin St at Bloor St West - Dufferin Station,,43.660199,-79.435337,,,,,,1,2020
760,760,Carlton St at Yonge St - College Station,,43.66144,-79.382912,,,,,,1,760
11264,11264,Finch Ave East at Leslie St West Side - Old Cummer GO Station,,43.789733,-79.370022,,,,,,1,11264
506,506,Bloor St West at Dundas St West - Bloor GO Station,,43.656202,-79.452611,,,,,,1,506
10892,10892,Richmond St West at Yonge St - Queen Station,,43.651654,-79.379372,,,,,,2,10892
1456,1456,Queen's Park at Charles St West North Side - Museum Station,,43.667603,-79.393512,,,,,,1,1456
1263,1263,Main St at Danforth Ave - Danforth GO Station,,43.688299,-79.302006,,,,,,2,1263
2197,2197,Dundas St West at Yonge St - TMU Station,,43.65619,-79.38119,,,,,,2,2197
8980,8980,Yonge St at Eglinton Ave East North Side - Eglinton Station,,43.707916,-79.398471,,,,,,1,8980
1027,1027,Dupont St at Spadina Rd East Side - Dupont Station,,43.674795,-79.406768,,,,,,1,1027
4408,4408,Lansdowne Ave at Wade Ave - Lansdowne Station,,43.659077,-79.442882,,,,,,1,4408
8981,8981,Yonge St at Eglinton Ave West - Eglinton Station,,43.707156,-79.398556,,,,,,1,8981
1677,1677,Yorkdale Rd at GO Terminal - Yorkdale Station,,43.72589,-79.448763,,,,,,1,1677
6978,6978,Royal York Rd at Cavell Ave - Mimico GO Station,,43.614961,-79.497737,,,,,,1,6978
2013,2013,Dufferin St at Bloor St West - Dufferin Station,,43.659958,-79.435506,,,,,,1,2013
9161,9161,Leslie St at Oriole GO Station South Side,,43.766821,-79.363566,,,,,,1,9161
13658,13658,Main St Markham North at Station St - Markham GO Station,,43.882371,-79.26199,,,,,,1,13658
11376,11376,Victoria Park Ave at Victoria Park Station,,43.694208,-79.289374,,,,,,1,11376
246,246,Bay St at Front St West South Side - Union Station,,43.645484,-79.378997,,,,,,1,246
6932,6932,Ranee Ave at Flemington Rd - Yorkdale Station,,43.723464,-79.448054,,,,,,1,6932
5397,5397,Lawrence Ave West at Ralph St - Weston GO Station,,43.701092,-79.511712,,,,,,1,5397
5471,5471,Leslie St at Ravel Rd North Side - Old Cummer GO Station,,43.791798,-79.36829,,,,,,1,5471
5447,5447,Leslie St at Opposite Oriole GO Station North Side,,43.767866,-79.363778,,,,,,1,5447
9162,9162,Leslie St at Old Cummer Ave - Old Cummer GO Station,,43.79403,-79.369088,,,,,,1,9162
7456,7456,Woodsworth Rd at Northey Dr (East) - Walkway to Oriole GO Station,,43.7646,-79.365274,,,,,,1,7456
7204,7204,Sheppard Ave East at Leslie St - Leslie Station,,43.771847,-79.363688,,,,,,1,7204
5532,5532,Main St at Danforth Ave South Side - Danforth GO Station,,43.687857,-79.301868,,,,,,1,5532
2244,2244,Eglinton Ave East at Bellamy Rd North - Eglinton GO Station,,43.740039,-79.23221,,,,,,1,2244
507,507,Bloor St West at Dundas St West - Bloor GO Station,,43.656441,-79.452231,,,,,,1,507
5224,5224,Lansdowne Ave at Wade Ave - Lansdowne Station,,43.659323,-79.443165,,,,,,1,5224
10479,10479,Steeles Ave East at Milliken GO Station,,43.824833,-79.302471,,,,,,2,10479
353,353,Bellamy Rd North at Eglinton Ave East - Eglinton GO Station,,43.740531,-79.232292,,,,,,1,353
318,318,Bayview Ave at Sheppard Ave East - Bayview Station,,43.766792,-79.388244,,,,,,1,318
1566,1566,St Clair Ave East at Linden Ave - Scarborough GO Station,,43.717393,-79.256113,,,,,,2,1566
9618,9618,Midland Ave at Midland Station,,43.770503,-79.271864,,,,,,1,9618
776,776,Christie Station,,43.664124,-79.418567,,,,,,1,776
9126,9126,Don Mills Rd at Eglinton Ave East - Don Valley Station,,43.720012,-79.338948,,,,,,1,9126
10480,10480,Sheppard Ave East at Reidmount Ave - Agincourt GO Station,,43.783793,-79.285171,,,,,,1,10480
317,317,Bayview Ave at Sheppard Ave East North Side - Bayview Station,,43.767139,-79.387913,,,,,,1,317
1234,1234,Lawrence Ave at Yonge St - Lawrence Station,,43.725251,-79.401896,,,,,,1,1234
3218,3218,Yonge St at College St - College Station,,43.661506,-79.38324,,,,,,1,3218
841,841,College St at Queen's Park - Queen's Park Station,,43.659999,-79.390138,,,,,,1,841
235,235,Bay St at Bloor St West - Bay Station,,43.670012,-79.389721,,,,,,1,235
3335,3335,Belfield Rd at Kipling Ave West Side - Etobicoke North GO Station,,43.704813,-79.564062,,,,,,1,3335
9050,9050,Yonge St at Sheppard Ave West - Sheppard Station,,43.761686,-79.411123,,,,,,1,9050
3222,3222,Yonge St at Dundas St West - TMU Station,,43.656505,-79.381074,,,,,,1,3222
9999,9999,McCowan Rd at Bullock Dr - Centennial GO Station,,43.872507,-79.285637,,,,,,1,9999
12202,12202,Lawrence West Station,,43.715964,-79.444097,,,,,,2,12202
2519,2519,Finch Ave East at Leslie St - Old Cummer GO Station,,43.790162,-79.369075,,,,,,1,2519
266,266,Bay St at Cumberland St - Bay Station,,43.670485,-79.389669,,,,,,1,266
2136,2136,Dundas St East at Yonge St - TMU Station,,43.656426,-79.380755,,,,,,2,2136
9019,9019,Yonge St at Lawrence Ave East North Side - Lawrence Station,,43.725377,-79.402115,,,,,,1,9019
10478,10478,Steeles Ave East at Milliken GO Station,,43.824582,-79.302567,,,,,,2,10478
3213,3213,Yonge St at Bloor St East North Side - Bloor Station,,43.670773,-79.38689,,,,,,1,3213
247,247,Bay St at Front St West - Union Station,,43.645849,-79.378935,,,,,,1,247
2193,2193,Dundas St West at University Ave - St Patrick Station,,43.654679,-79.388742,,,,,,2,2193
6858,6858,Queen St West at University Ave - Osgoode Station,,43.650683,-79.386931,,,,,,1,6858
7014,7014,Royal York Rd at Newcastle St - Mimico GO Station,,43.616909,-79.498777,,,,,,1,7014
3214,3214,Yonge St at Bloor St West - Bloor Station,,43.670441,-79.386954,,,,,,1,3214
3246,3246,Yonge St at Wellesley St West - Wellesley Station,,43.665025,-79.3847,,,,,,1,3246
13644,13644,Main St Markham North at Ramona Blvd - Markham GO Station,,43.882893,-79.261892,,,,,,1,13644
3245,3245,Yonge St at Wellesley St East - Wellesley Station,,43.664812,-79.38436,,,,,,1,3245
1614,1614,University Ave at College St - Queen's Park Station,,43.659717,-79.390178,,,,,,1,1614
1458,1458,Queen's Park at Charles St West - Museum Station,,43.667095,-79.393602,,,,,,1,1458
9131,9131,Finch Ave East at Yonge St - Finch Station,,43.780191,-79.414106,,,,,,1,9131
11780,11780,Keele St at Bloor St West - Keele Station,,43.654873,-79.460164,,,,,,1,11780
9016,9016,Yonge St at King St West - King Station,,43.649249,-79.378022,,,,,,1,9016
3238,3238,Yonge St at Queen St East - Queen Station,,43.652319,-79.379085,,,,,,1,3238
7308,7308,Sherbourne St at Bloor St East South Side - Sherbourne Station,,43.672008,-79.376834,,,,,,1,7308
8984,8984,Yonge St at Empress Ave - North York Centre Station,,43.769149,-79.4127,,,,,,1,8984
3239,3239,Yonge St at Queen St West - Queen Station,,43.65251,-79.379408,,,,,,1,3239
7151,7151,Sheppard Ave East at Bayview Ave - Bayview Station,,43.766886,-79.387704,,,,,,1,7151
14339,14339,Markham Rd at Bur Oak Ave - Mount Joy GO Station,,43.900026,-79.265771,,,,,,1,14339
9048,9048,Yonge St at Sheppard Ave East North Side - Sheppard Station,,43.762183,-79.410937,,,,,,1,9048
9053,9053,Yonge St at St Clair Ave West - St Clair Station,,43.688281,-79.394275,,,,,,1,9053
3219,3219,Yonge St at Crescent Rd - Rosedale Station,,43.676823,-79.38938,,,,,,1,3219
10935,10935,Union Station,,43.645652,-79.37921,,,,,,1,10935
7309,7309,Sherbourne St at Bloor St East - Sherbourne Station,,43.672155,-79.376648,,,,,,1,7309
8953,8953,Yonge St at Alcorn Ave - Summerhill Station,,43.682197,-79.391779,,,,,,1,8953
9609,9609,Bushby Dr at McCowan Rd - McCowan Rt Station,,43.774745,-79.251924,,,,,,1,9609
13678,13678,Sheppard Ave East at Burbank Dr - Bessarion Station,,43.769432,-79.375993,,,,,,1,13678
3106,3106,Sheppard Ave West at Bakersfield St West Side - Downsview Park Station,,43.754319,-79.480593,,,,,,1,3106
5692,5692,Midland Ave at Midland Station,,43.770434,-79.272115,,,,,,1,5692
9066,9066,Yonge St at Wilson Ave - York Mills Station,,43.74429,-79.406957,,,,,,1,9066
2194,2194,Dundas St West at University Ave - St Patrick Station,,43.654919,-79.387813,,,,,,2,2194
9020,9020,Yonge St at Lawrence Ave West - Lawrence Station,,43.725286,-79.402385,,,,,,1,9020
10946,10946,Queens Quay/Ferry Docks Station,,43.641422,-79.377093,,,,,,1,10946
14617,14617,Bathurst Station,,43.666061,-79.411065,,,,,,1,14617
14619,14619,Bathurst Station,,43.666532,-79.411286,,,,,,2,14619
14620,14620,Leslie Station,,43.77041,-79.367644,,,,,,1,14620
14621,14621,Leslie Station,,43.770516,-79.367765,,,,,,1,14621
14623,14623,Don Mills Station,,43.776123,-79.346242,,,,,,1,14623
14624,14624,Don Mills Station,,43.776036,-79.34585,,,,,,1,14624
14625,14625,Don Mills Station,,43.775993,-79.3455,,,,,,1,14625
14626,14626,Don Mills Station,,43.776014,-79.345151,,,,,,1,14626
14628,14628,Don Mills Station,,43.775804,-79.345236,,,,,,1,14628
14629,14629,Don Mills Station,,43.775755,-79.345605,,,,,,1,14629
14630,14630,Don Mills Station,,43.775711,-79.345959,,,,,,1,14630
14631,14631,Don Mills Station,,43.775638,-79.346345,,,,,,1,14631
14632,14632,Don Mills Station,,43.775898,-79.346949,,,,,,1,14632
14633,14633,Don Mills Station,,43.775988,-79.346987,,,,,,1,14633
14635,14635,Broadview Station,,43.677011,-79.358044,,,,,,1,14635
14636,14636,Broadview Station,,43.676887,-79.358245,,,,,,1,14636
14637,14637,Broadview Station,,43.676772,-79.358451,,,,,,1,14637
14638,14638,Broadview Station,,43.676691,-79.358611,,,,,,1,14638
14639,14639,Broadview Station,,43.677013,-79.358147,,,,,,1,14639
14640,14640,Broadview Station,,43.677134,-79.358206,,,,,,1,14640
14641,14641,Castle Frank Station,,43.673452,-79.369136,,,,,,1,14641
14642,14642,Castle Frank Station,,43.673628,-79.36885,,,,,,1,14642
14643,14643,Coxwell Station,,43.684079,-79.322919,,,,,,1,14643
14644,14644,Coxwell Station,,43.684135,-79.323123,,,,,,1,14644
14646,14646,Davisville Station,,43.697799,-79.397014,,,,,,1,14646
14648,14648,Davisville Station,,43.69763,-79.396868,,,,,,1,14648
14649,14649,Donlands Station,,43.680846,-79.33779,,,,,,1,14649
14650,14650,Donlands Station,,43.681048,-79.337925,,,,,,1,14650
14651,14651,Sheppard West Station,,43.749571,-79.462186,,,,,,1,14651
14652,14652,Sheppard West Station,,43.749529,-79.462548,,,,,,1,14652
14654,14654,Sheppard West Station,,43.749353,-79.462105,,,,,,1,14654
14655,14655,Sheppard West Station,,43.749195,-79.462047,,,,,,1,14655
14656,14656,Sheppard West Station,,43.748976,-79.461968,,,,,,1,14656
14657,14657,Sheppard West Station,,43.748718,-79.461907,,,,,,1,14657
14658,14658,Sheppard West Station,,43.748826,-79.462288,,,,,,1,14658
14659,14659,Sheppard West Station,,43.749049,-79.462373,,,,,,1,14659
14660,14660,Sheppard West Station,,43.749209,-79.462434,,,,,,1,14660
14662,14662,Dundas West Station,,43.656862,-79.453415,,,,,,1,14662
14663,14663,Dundas West Station,,43.656975,-79.453099,,,,,,1,14663
14665,14665,Dundas West Station,,43.656821,-79.453463,,,,,,1,14665
14666,14666,Dundas West Station,,43.656698,-79.45346,,,,,,1,14666
14669,14669,Eglinton Station,,43.704582,-79.39846,,,,,,1,14669
14670,14670,Eglinton Station,,43.70476,-79.398499,,,,,,1,14670
14672,14672,Eglinton Station,,43.705256,-79.398613,,,,,,1,14672
14673,14673,Eglinton Station,,43.705532,-79.399237,,,,,,1,14673
14674,14674,Eglinton Station,,43.705572,-79.399461,,,,,,1,14674
14675,14675,Eglinton Station,,43.705608,-79.399657,,,,,,1,14675
14676,14676,Cedarvale Station,,43.699447,-79.436493,,,,,,1,14676
14679,14679,Cedarvale Station,,43.6997,-79.436081,,,,,,1,14679
14680,14680,Cedarvale Station,,43.699598,-79.435953,,,,,,1,14680
14681,14681,Cedarvale Station,,43.699453,-79.435904,,,,,,1,14681
14682,14682,Cedarvale Station,,43.699302,-79.435846,,,,,,1,14682
14683,14683,Finch Station,,43.780942,-79.414829,,,,,,1,14683
14684,14684,Finch Station,,43.78073,-79.414746,,,,,,1,14684
14685,14685,Finch Station,,43.780467,-79.414636,,,,,,1,14685
14686,14686,Finch Station,,43.78029,-79.414537,,,,,,1,14686
14687,14687,Finch Station,,43.780619,-79.414857,,,,,,1,14687
14689,14689,Finch Station,,43.780942,-79.414992,,,,,,1,14689
14690,14690,Finch Station,,43.781111,-79.415064,,,,,,1,14690
14692,14692,Finch Station,,43.78143,-79.415193,,,,,,1,14692
14694,14694,Greenwood Station,,43.682553,-79.330354,,,,,,2,14694
14695,14695,High Park Station,,43.65397,-79.466354,,,,,,1,14695
14696,14696,High Park Station,,43.654074,-79.465887,,,,,,1,14696
14700,14700,Jane Station,,43.649911,-79.484072,,,,,,1,14700
14701,14701,Jane Station,,43.649968,-79.483848,,,,,,1,14701
14702,14702,Jane Station,,43.650037,-79.483598,,,,,,1,14702
14703,14703,Jane Station,,43.650093,-79.483319,,,,,,1,14703
14704,14704,Keele Station,,43.65565,-79.459571,,,,,,1,14704
14705,14705,Keele Station,,43.655427,-79.459586,,,,,,1,14705
14706,14706,Keele Station,,43.655373,-79.459836,,,,,,1,14706
14708,14708,Kennedy Station - Platform A,,43.732502,-79.263315,,,,,,1,14708
14709,14709,Kennedy Station - Platform A,,43.732432,-79.263523,,,,,,1,14709
14710,14710,Kennedy Station - Platform A,,43.732361,-79.26374,,,,,,1,14710
14711,14711,Kennedy Station - Platform A,,43.732269,-79.264011,,,,,,1,14711
14716,14716,Kipling Station,,43.637209,-79.536117,,,,,,1,14716
14717,14717,Kipling Station,,43.637354,-79.535939,,,,,,1,14717
14718,14718,Kipling Station,,43.637465,-79.53581,,,,,,1,14718
14719,14719,Kipling Station,,43.637582,-79.535677,,,,,,1,14719
14720,14720,Kipling Station,,43.637717,-79.535511,,,,,,1,14720
14721,14721,Kipling Station,,43.637851,-79.535345,,,,,,1,14721
14722,14722,Kipling Station,,43.637963,-79.535215,,,,,,1,14722
14723,14723,Kipling Station,,43.638084,-79.535066,,,,,,1,14723
14724,14724,Kipling Station,,43.638195,-79.534941,,,,,,1,14724
14725,14725,Lawrence Station,,43.725556,-79.402351,,,,,,1,14725
14726,14726,Lawrence Station,,43.725383,-79.40231,,,,,,1,14726
14727,14727,Lawrence Station,,43.725127,-79.402224,,,,,,1,14727
14731,14731,Lawrence West Station,,43.715672,-79.443696,,,,,,1,14731
14732,14732,Lawrence West Station,,43.715629,-79.443912,,,,,,1,14732
14733,14733,Lawrence West Station,,43.715586,-79.444126,,,,,,1,14733
14734,14734,Lawrence West Station,,43.715545,-79.444333,,,,,,1,14734
14735,14735,Lawrence West Station,,43.7155,-79.444568,,,,,,1,14735
14736,14736,Main Street Station,,43.689037,-79.301926,,,,,,1,14736
14737,14737,Main Street Station,,43.689096,-79.301708,,,,,,1,14737
14738,14738,Main Street Station,,43.689158,-79.301482,,,,,,1,14738
14739,14739,Main Street Station,,43.689215,-79.301272,,,,,,1,14739
14740,14740,Main Street Station,,43.689034,-79.301209,,,,,,1,14740
14741,14741,Main Street Station,,43.688861,-79.301804,,,,,,2,14741
14742,14742,Old Mill Station,,43.650156,-79.495072,,,,,,2,14742
14743,14743,Ossington Station,,43.662271,-79.426546,,,,,,1,14743
14744,14744,Ossington Station,,43.662251,-79.426749,,,,,,1,14744
14745,14745,Ossington Station,,43.662338,-79.426607,,,,,,1,14745
14746,14746,Ossington Station,,43.662437,-79.426176,,,,,,1,14746
14750,14750,Rosedale Station,,43.67684,-79.388875,,,,,,1,14750
14751,14751,Royal York Station,,43.648338,-79.511178,,,,,,1,14751
14752,14752,Royal York Station,,43.648282,-79.511038,,,,,,1,14752
14753,14753,Royal York Station,,43.6481,-79.51129,,,,,,1,14753
14755,14755,Runnymede Station,,43.651732,-79.475954,,,,,,1,14755
14756,14756,Runnymede Station,,43.651787,-79.475714,,,,,,1,14756
14758,14758,Scarborough Centre Station,,43.774257,-79.258185,,,,,,1,14758
14759,14759,Scarborough Centre Station,,43.774207,-79.258411,,,,,,1,14759
14760,14760,Scarborough Centre Station,,43.77417,-79.258565,,,,,,1,14760
14761,14761,Scarborough Centre Station,,43.774369,-79.25849,,,,,,1,14761
14762,14762,Scarborough Centre Station,,43.774436,-79.258212,,,,,,1,14762
14763,14763,Scarborough Centre Station,,43.774515,-79.257894,,,,,,1,14763
14764,14764,Scarborough Centre Station,,43.774583,-79.257626,,,,,,1,14764
14766,14766,Scarborough Centre Station,,43.774499,-79.257246,,,,,,1,14766
14768,14768,Scarborough Centre Station,,43.774373,-79.257735,,,,,,1,14768
14769,14769,Scarborough Centre Station,,43.774322,-79.257944,,,,,,1,14769
14771,14771,Sheppard-Yonge Station,,43.761885,-79.412389,,,,,,1,14771
14772,14772,Sheppard-Yonge Station,,43.761886,-79.412127,,,,,,1,14772
14773,14773,Sheppard-Yonge Station,,43.761702,-79.411916,,,,,,1,14773
14774,14774,Sheppard-Yonge Station,,43.761564,-79.412107,,,,,,1,14774
14775,14775,Sheppard-Yonge Station,,43.761521,-79.412454,,,,,,1,14775
14777,14777,Spadina Station,,43.667271,-79.403784,,,,,,1,14777
14778,14778,St Clair Station,,43.687857,-79.391958,,,,,,1,14778
14779,14779,St Clair West Station,,43.684231,-79.415227,,,,,,1,14779
14780,14780,St Clair West Station,,43.684447,-79.415555,,,,,,1,14780
14783,14783,St Clair West Station,,43.68437,-79.415255,,,,,,1,14783
14784,14784,St George Station,,43.668655,-79.398053,,,,,,1,14784
14786,14786,Victoria Park Station,,43.693982,-79.288461,,,,,,1,14786
14787,14787,Victoria Park Station,,43.694134,-79.288543,,,,,,1,14787
14788,14788,Victoria Park Station,,43.694329,-79.288637,,,,,,1,14788
14797,14797,Wellesley Station,,43.665358,-79.383941,,,,,,1,14797
14798,14798,Wellesley Station,,43.665306,-79.383605,,,,,,1,14798
14799,14799,Wilson Station,,43.734475,-79.45092,,,,,,2,14799
14800,14800,Wilson Station,,43.734574,-79.450945,,,,,,1,14800
14801,14801,Wilson Station,,43.73487,-79.450888,,,,,,2,14801
14802,14802,Wilson Station,,43.734709,-79.450841,,,,,,2,14802
14803,14803,Wilson Station,,43.73446,-79.450745,,,,,,2,14803
14804,14804,Woodbine Station,,43.68644,-79.312471,,,,,,1,14804
14805,14805,Woodbine Station,,43.686458,-79.312232,,,,,,1,14805
14806,14806,York Mills Station,,43.745172,-79.40593,,,,,,1,14806
14807,14807,York Mills Station,,43.745136,-79.406134,,,,,,1,14807
14808,14808,York Mills Station,,43.74511,-79.40634,,,,,,1,14808
14810,14810,York Mills Station,,43.745263,-79.406583,,,,,,1,14810
14811,14811,York Mills Station,,43.745338,-79.406424,,,,,,1,14811
14812,14812,York Mills Station,,43.745366,-79.406237,,,,,,1,14812
14813,14813,York Mills Station,,43.745312,-79.406022,,,,,,1,14813
14814,14814,York Mills Station,,43.745211,-79.405823,,,,,,1,14814
14816,14816,Spadina Station,,43.667221,-79.403665,,,,,,1,14816
14819,14819,St Clair Station,,43.687713,-79.392394,,,,,,1,14819
14817,14817,Wilson Station,,43.734555,-79.450966,,,,,,2,14817
14820,14820,Wilson Station,,43.734918,-79.451104,,,,,,2,14820
14111,14111,Finch Station - Southbound Platform,,43.780147,-79.415692,,,,,,1,14111
13789,13789,North York Centre Station - Southbound Platform,,43.767347,-79.412492,,,,,,1,13789
13860,13860,Sheppard-Yonge Station - Southbound Platform,,43.760348,-79.410691,,,,,,1,13860
13792,13792,York Mills Station - Southbound Platform,,43.743248,-79.405991,,,,,,1,13792
13793,13793,Lawrence Station - Southbound Platform,,43.725348,-79.40229,,,,,,1,13793
13795,13795,Eglinton Station - Southbound Platform,,43.704648,-79.39889,,,,,,1,13795
13798,13798,Davisville Station - Southbound Platform,,43.697048,-79.39689,,,,,,1,13798
13799,13799,St Clair Station - Southbound Platform,,43.687449,-79.393089,,,,,,1,13799
13802,13802,Summerhill Station - Southbound Platform,,43.682049,-79.390789,,,,,,1,13802
13803,13803,Rosedale Station - Southbound Platform,,43.676049,-79.388089,,,,,,1,13803
13864,13864,Bloor Station - Southbound Platform,,43.670049,-79.385389,,,,,,1,13864
13806,13806,Wellesley Station - Southbound Platform,,43.664949,-79.383488,,,,,,1,13806
13807,13807,College Station - Southbound Platform,,43.660149,-79.382688,,,,,,2,13807
13810,13810,TMU Station - Southbound Platform,,43.655949,-79.380788,,,,,,1,13810
13811,13811,Queen Station - Southbound Platform,,43.652149,-79.379188,,,,,,1,13811
13814,13814,King Station - Southbound Platform,,43.648449,-79.377688,,,,,,2,13814
13815,13815,Union Station - Northbound Platform Towards Vaughan Metropolitan Centre,,43.645549,-79.381488,,,,,,1,13815
13817,13817,St Andrew Station - Northbound Platform,,43.648249,-79.385088,,,,,,1,13817
13820,13820,Osgoode Station - Northbound Platform,,43.651749,-79.386888,,,,,,1,13820
13821,13821,St Patrick Station - Northbound Platform,,43.655249,-79.388388,,,,,,1,13821
13824,13824,Queen's Park Station - Northbound Platform,,43.660549,-79.390689,,,,,,1,13824
13825,13825,Museum Station - Northbound Platform,,43.667249,-79.393389,,,,,,2,13825
13858,13858,St George Station - Northbound Platform,,43.668249,-79.399689,,,,,,1,13858
13853,13853,Spadina Station - Northbound Platform,,43.670249,-79.405189,,,,,,2,13853
13828,13828,Dupont Station - Northbound Platform,,43.674949,-79.40709,,,,,,1,13828
13829,13829,St Clair West Station - Northbound Platform,,43.685148,-79.41589,,,,,,1,13829
13832,13832,Cedarvale Station - Northbound Platform,,43.700648,-79.436691,,,,,,1,13832
13833,13833,Glencairn Station - Northbound Platform,,43.709148,-79.440892,,,,,,1,13833
13836,13836,Lawrence West Station - Northbound Platform,,43.715784,-79.444038,,,,,,1,13836
13837,13837,Yorkdale Station - Northbound Platform,,43.725248,-79.447692,,,,,,2,13837
13840,13840,Wilson Station - Northbound Platform,,43.735048,-79.450192,,,,,,1,13840
14945,14945,Sheppard West Station - Northbound Platform,,43.750204,-79.462781,,,,,,1,14945
14110,14110,Sheppard West Station - Southbound Platform,,43.749147,-79.461993,,,,,,1,14110
13839,13839,Wilson Station - Southbound Platform,,43.733848,-79.449892,,,,,,1,13839
13838,13838,Yorkdale Station - Southbound Platform,,43.723948,-79.447292,,,,,,1,13838
13835,13835,Lawrence West Station - Southbound Platform,,43.714748,-79.443791,,,,,,1,13835
13834,13834,Glencairn Station - Southbound Platform,,43.708048,-79.440191,,,,,,1,13834
13831,13831,Cedarvale Station - Southbound Platform,,43.699348,-79.436291,,,,,,1,13831
13830,13830,St Clair West Station - Southbound Platform,,43.683948,-79.41539,,,,,,1,13830
13827,13827,Dupont Station - Southbound Platform,,43.673749,-79.406689,,,,,,1,13827
13854,13854,Spadina Station - Southbound Platform,,43.669049,-79.404789,,,,,,2,13854
13857,13857,St George Station - Southbound Platform,,43.668549,-79.397889,,,,,,1,13857
13826,13826,Museum Station - Southbound Platform,,43.665949,-79.392989,,,,,,2,13826
13823,13823,Queen's Park Station - Southbound Platform,,43.659249,-79.390289,,,,,,1,13823
13822,13822,St Patrick Station - Southbound Platform,,43.654049,-79.387988,,,,,,1,13822
13819,13819,Osgoode Station - Southbound Platform,,43.650449,-79.386488,,,,,,1,13819
13818,13818,St Andrew Station - Southbound Platform,,43.647049,-79.384488,,,,,,1,13818
13816,13816,Union Station - Northbound Platform Towards Finch,,43.645849,-79.379688,,,,,,1,13816
13813,13813,King Station - Northbound Platform,,43.649649,-79.378088,,,,,,2,13813
13812,13812,Queen Station - Northbound Platform,,43.653349,-79.379588,,,,,,1,13812
13809,13809,TMU Station - Northbound Platform,,43.657149,-79.381188,,,,,,1,13809
13808,13808,College Station - Northbound Platform,,43.661449,-79.383088,,,,,,2,13808
13805,13805,Wellesley Station - Northbound Platform,,43.666149,-79.383788,,,,,,1,13805
13863,13863,Bloor Station - Northbound Platform,,43.671044,-79.385918,,,,,,1,13863
13804,13804,Rosedale Station - Northbound Platform,,43.677249,-79.388589,,,,,,1,13804
13801,13801,Summerhill Station - Northbound Platform,,43.683349,-79.391189,,,,,,1,13801
13800,13800,St Clair Station - Northbound Platform,,43.688649,-79.393489,,,,,,1,13800
13797,13797,Davisville Station - Northbound Platform,,43.698248,-79.39729,,,,,,1,13797
13796,13796,Eglinton Station - Northbound Platform,,43.706548,-79.39839,,,,,,1,13796
13794,13794,Lawrence Station - Northbound Platform,,43.726548,-79.40249,,,,,,1,13794
13791,13791,York Mills Station - Northbound Platform,,43.744448,-79.406191,,,,,,1,13791
13859,13859,Sheppard-Yonge Station - Northbound Platform,,43.761648,-79.410891,,,,,,1,13859
13790,13790,North York Centre Station - Northbound Platform,,43.768547,-79.412592,,,,,,1,13790
14944,14944,Finch Station - Subway Platform,,43.780847,-79.415291,,,,,,1,14944
13785,13785,Kipling Station - Eastbound Platform,,43.637648,-79.535694,,,,,,1,13785
13784,13784,Islington Station - Eastbound Platform,,43.645548,-79.523293,,,,,,2,13784
13781,13781,Royal York Station - Eastbound Platform,,43.648548,-79.508693,,,,,,1,13781
13780,13780,Old Mill Station - Eastbound Platform,,43.649448,-79.493392,,,,,,2,13780
13777,13777,Jane Station - Eastbound Platform,,43.650149,-79.482892,,,,,,1,13777
13776,13776,Runnymede Station - Eastbound Platform,,43.652049,-79.474992,,,,,,2,13776
13773,13773,High Park Station - Eastbound Platform,,43.653849,-79.466991,,,,,,1,13773
13772,13772,Keele Station - Eastbound Platform,,43.655649,-79.458691,,,,,,1,13772
13769,13769,Dundas West Station - Eastbound Platform,,43.657449,-79.451091,,,,,,1,13769
13768,13768,Lansdowne Station - Eastbound Platform,,43.659246,-79.442463,,,,,,1,13768
13765,13765,Dufferin Station - Eastbound Platform,,43.660849,-79.43389,,,,,,1,13765
13764,13764,Ossington Station - Eastbound Platform,,43.662349,-79.42609,,,,,,1,13764
13761,13761,Christie Station - Eastbound Platform,,43.664449,-79.41729,,,,,,1,13761
13760,13760,Bathurst Station - Eastbound Platform,,43.665949,-79.410589,,,,,,1,13760
13852,13852,Spadina Station - Eastbound Platform,,43.667249,-79.403889,,,,,,1,13852
13856,13856,St George Station - Eastbound Platform,,43.668549,-79.397989,,,,,,1,13856
13757,13757,Bay Station - Eastbound Platform,,43.670149,-79.390089,,,,,,1,13757
13756,13756,Yonge Station - Eastbound Platform,,43.670997,-79.385956,,,,,,1,13756
13753,13753,Sherbourne Station - Eastbound Platform,,43.672103,-79.376162,,,,,,1,13753
13752,13752,Castle Frank Station - Eastbound Platform,,43.674049,-79.368088,,,,,,1,13752
13749,13749,Broadview Station - Eastbound Platform,,43.677049,-79.358088,,,,,,1,13749
13748,13748,Chester Station - Eastbound Platform,,43.678241,-79.352502,,,,,,1,13748
13746,13746,Pape Station - Eastbound Platform,,43.679949,-79.344087,,,,,,1,13746
13743,13743,Donlands Station - Eastbound Platform,,43.681149,-79.337487,,,,,,1,13743
13742,13742,Greenwood Station - Eastbound Platform,,43.682549,-79.331687,,,,,,2,13742
13739,13739,Coxwell Station - Eastbound Platform,,43.684549,-79.321986,,,,,,1,13739
13738,13738,Woodbine Station - Eastbound Platform,,43.686649,-79.312286,,,,,,1,13738
13735,13735,Main Street Station - Eastbound Platform,,43.689249,-79.300686,,,,,,1,13735
13734,13734,Victoria Park Station - Eastbound Platform,,43.695149,-79.287885,,,,,,1,13734
13732,13732,Warden Station - Eastbound Platform,,43.712149,-79.278785,,,,,,1,13732
14947,14947,Kennedy Station - Subway Platform,,43.732487,-79.263718,,,,,,1,14947
13865,13865,Kennedy Station - Westbound Platform,,43.732149,-79.264785,,,,,,1,13865
13731,13731,Warden Station - Westbound Platform,,43.710949,-79.279085,,,,,,1,13731
13733,13733,Victoria Park Station - Westbound Platform,,43.694649,-79.289485,,,,,,1,13733
13736,13736,Main Street Station - Westbound Platform,,43.688949,-79.302386,,,,,,1,13736
13737,13737,Woodbine Station - Westbound Platform,,43.686349,-79.313986,,,,,,1,13737
13740,13740,Coxwell Station - Westbound Platform,,43.684249,-79.323686,,,,,,1,13740
13741,13741,Greenwood Station - Westbound Platform,,43.682849,-79.329987,,,,,,2,13741
13744,13744,Donlands Station - Westbound Platform,,43.680949,-79.339187,,,,,,1,13744
13745,13745,Pape Station - Westbound Platform,,43.679649,-79.345787,,,,,,1,13745
13747,13747,Chester Station - Westbound Platform,,43.678351,-79.352537,,,,,,2,13747
13750,13750,Broadview Station - Westbound Platform,,43.676349,-79.359588,,,,,,1,13750
13751,13751,Castle Frank Station - Westbound Platform,,43.673549,-79.369788,,,,,,2,13751
13754,13754,Sherbourne Station - Westbound Platform,,43.672174,-79.376173,,,,,,1,13754
13755,13755,Yonge Station - Westbound Platform,,43.671049,-79.386789,,,,,,1,13755
13758,13758,Bay Station - Westbound Platform,,43.669849,-79.391789,,,,,,1,13758
13855,13855,St George Station - Westbound Platform,,43.668249,-79.399689,,,,,,1,13855
13851,13851,Spadina Station - Westbound Platform,,43.666949,-79.405689,,,,,,1,13851
13759,13759,Bathurst Station - Westbound Platform,,43.665649,-79.41229,,,,,,1,13759
13762,13762,Christie Station - Westbound Platform,,43.664149,-79.41899,,,,,,1,13762
13763,13763,Ossington Station - Westbound Platform,,43.662049,-79.42789,,,,,,1,13763
13766,13766,Dufferin Station - Westbound Platform,,43.660549,-79.43569,,,,,,1,13766
13767,13767,Lansdowne Station - Westbound Platform,,43.659314,-79.442471,,,,,,1,13767
13770,13770,Dundas West Station - Westbound Platform,,43.657149,-79.452791,,,,,,1,13770
13771,13771,Keele Station - Westbound Platform,,43.655349,-79.460391,,,,,,1,13771
13774,13774,High Park Station - Westbound Platform,,43.653549,-79.468691,,,,,,1,13774
13775,13775,Runnymede Station - Westbound Platform,,43.651749,-79.476692,,,,,,2,13775
13778,13778,Jane Station - Westbound Platform,,43.649749,-79.484592,,,,,,1,13778
13779,13779,Old Mill Station - Westbound Platform,,43.650048,-79.494892,,,,,,2,13779
13782,13782,Royal York Station - Westbound Platform,,43.648348,-79.510493,,,,,,1,13782
13783,13783,Islington Station - Westbound Platform,,43.645248,-79.524994,,,,,,2,13783
14948,14948,Kipling Station - Subway Platform,,43.637392,-79.535892,,,,,,1,14948
13862,13862,Sheppard-Yonge Station - Eastbound Platform,,43.761494,-79.410394,,,,,,1,13862
13844,13844,Bayview Station - Eastbound Platform,,43.766872,-79.386703,,,,,,1,13844
13845,13845,Bessarion Station - Eastbound Platform,,43.769202,-79.376312,,,,,,1,13845
13848,13848,Leslie Station - Eastbound Platform,,43.771348,-79.36499,,,,,,1,13848
14949,14949,Don Mills Station - Subway Platform,,43.775547,-79.346584,,,,,,1,14949
14109,14109,Don Mills Station - Westbound Platform,,43.775248,-79.346189,,,,,,1,14109
13847,13847,Leslie Station - Westbound Platform,,43.771248,-79.36679,,,,,,1,13847
13846,13846,Bessarion Station - Westbound Platform,,43.769296,-79.376345,,,,,,1,13846
13843,13843,Bayview Station - Westbound Platform,,43.766951,-79.38673,,,,,,1,13843
13861,13861,Sheppard-Yonge Station - Subway Platform,,43.761648,-79.410091,,,,,,1,13861
14653,14653,Sheppard West Station,,43.749659,-79.462575,,,,,,1,14653
14678,14678,Cedarvale Station,,43.699706,-79.436312,,,,,,1,14678
14776,14776,Spadina Station,,43.667424,-79.403665,,,,,,1,14776
14809,14809,York Mills Station,,43.745153,-79.406546,,,,,,1,14809
14818,14818,St Clair Station,,43.687733,-79.392216,,,,,,1,14818
14859,14859,Coxwell Station,,43.68397,-79.322979,,,,,,1,14859
14954,14954,Eglinton Station,,43.704931,-79.398536,,,,,,1,14954
14955,14955,Finch Station,,43.780488,-79.414808,,,,,,1,14955
14956,14956,Finch Station,,43.781435,-79.41502,,,,,,1,14956
14963,14963,Victoria Park Ave at Victoria Park Station,,43.694409,-79.289812,,,,,,1,14963
14975,14975,Victoria Park Station,,43.694476,-79.288705,,,,,,1,14975
14976,14976,Victoria Park Station,,43.694411,-79.289249,,,,,,1,14976
15002,15002,Scarborough Centre Station,,43.774141,-79.258721,,,,,,1,15002
15018,15018,Sheppard Ave East at Reidmount Ave - Agincourt GO Station,,43.784251,-79.284671,,,,,,2,15018
15052,15052,Kipling Station,,43.638467,-79.534689,,,,,,1,15052
15055,15055,Wilson Station,,43.734777,-79.451045,,,,,,2,15055
15080,15080,Spadina Station,,43.66732,-79.403612,,,,,,1,15080
15092,15092,Runnymede Station,,43.651824,-79.475539,,,,,,1,15092
15184,15184,Lawrence Station,,43.725245,-79.402249,,,,,,1,15184
15192,15192,Keele Station,,43.655578,-79.459892,,,,,,1,15192
15317,15317,Wilson Station,,43.734804,-79.451075,,,,,,2,15317
15330,15330,Don Mills Station,,43.775799,-79.346887,,,,,,1,15330
15434,15434,Keele St at Bloor St West - Keele Station,,43.655485,-79.460098,,,,,,1,15434
15463,15463,Wilson Station,,43.734268,-79.450679,,,,,,2,15463
15464,15464,Wilson Station,,43.734901,-79.450914,,,,,,2,15464
15465,15465,Wilson Station,,43.734735,-79.450865,,,,,,2,15465
15466,15466,Wilson Station,,43.734302,-79.450724,,,,,,2,15466
15318,15318,Wilson Station,,43.734937,-79.451122,,,,,,2,15318
15527,15527,Bloor St West at Bedford Rd West Side - St. George Station,,43.668013,-79.397785,,,,,,1,15527
15594,15594,Renforth Station at Bus Bay 6,,43.66359,-79.590572,,,,,,1,15594
15597,15597,McCowan Rd at Walkway To Snowden Cir - Centennial GO Station,,43.875011,-79.286562,,,,,,1,15597
15599,15599,Renforth Station at Bus Bay 3,,43.663613,-79.590482,,,,,,1,15599
15308,15308,St Clair West Station,,43.684297,-79.415609,,,,,,1,15308
15657,15657,Pioneer Village Station - Southbound Platform,,43.77675,-79.509372,,,,,,1,15657
15656,15656,Pioneer Village Station - Northbound Platform,,43.776741,-79.509334,,,,,,1,15656
15659,15659,Finch West Station - Northbound Platform,,43.764855,-79.491118,,,,,,1,15659
15658,15658,Finch West Station - Southbound Platform,,43.764855,-79.491118,,,,,,1,15658
15664,15664,Downsview Park Station - Northbound Platform,,43.753311,-79.478693,,,,,,1,15664
15665,15665,Downsview Park Station - Southbound Platform,,43.753311,-79.478693,,,,,,1,15665
15661,15661,Highway 407 Station - Northbound Platform,,43.783359,-79.523454,,,,,,1,15661
15660,15660,Highway 407 Station - Southbound Platform,,43.783359,-79.523454,,,,,,1,15660
15662,15662,Vaughan Metropolitan Centre Station - Subway Platform,,43.794021,-79.527906,,,,,,1,15662
15663,15663,Vaughan Metropolitan Centre Station - Southbound Platform,,43.794021,-79.527906,,,,,,1,15663
15571,15571,Pioneer Village Station,,43.776668,-79.508937,,,,,,1,15571
15572,15572,Pioneer Village Station,,43.776747,-79.509208,,,,,,1,15572
15573,15573,Pioneer Village Station,,43.776806,-79.509408,,,,,,1,15573
15574,15574,Pioneer Village Station,,43.776878,-79.50968,,,,,,1,15574
15575,15575,Pioneer Village Station,,43.776939,-79.509883,,,,,,1,15575
15577,15577,Pioneer Village Station,,43.777064,-79.50966,,,,,,1,15577
15578,15578,Pioneer Village Station,,43.776996,-79.509404,,,,,,1,15578
15579,15579,Pioneer Village Station,,43.776902,-79.509087,,,,,,1,15579
15580,15580,Pioneer Village Station,,43.776839,-79.508835,,,,,,1,15580
15581,15581,Pioneer Village Station,,43.776783,-79.50861,,,,,,1,15581
15565,15565,Finch West Station,,43.765364,-79.490954,,,,,,1,15565
15566,15566,Finch West Station,,43.765126,-79.490896,,,,,,1,15566
15567,15567,Finch West Station,,43.764919,-79.490859,,,,,,1,15567
15568,15568,Finch West Station,,43.764723,-79.49081,,,,,,1,15568
15653,15653,Keele St at Four Winds Dr - Finch West Station,,43.765411,-79.491477,,,,,,1,15653
15631,15631,Sheppard Ave West at Vitti St - Downsview Park Station,,43.754173,-79.480489,,,,,,1,15631
15637,15637,King St West at Yonge St West Side - King Station,,43.649058,-79.378565,,,,,,1,15637
15638,15638,King St West at Yonge St East Side - King Station,,43.649232,-79.377256,,,,,,1,15638
15641,15641,King St West at Simcoe St - St. Andrew Station,,43.647487,-79.385957,,,,,,1,15641
15642,15642,King St West at York St - St Andrew Station,,43.647809,-79.383692,,,,,,1,15642
15715,15715,Newcastle St at Windsor St - Mimico GO Station,,43.617842,-79.497107,,,,,,1,15715
15731,15731,Don Mills Rd at Eglinton Ave East - Don Valley Station,,43.720271,-79.338737,,,,,,2,15731
15297,15297,Old Mill Station,,43.650311,-79.495025,,,,,,2,15297
15856,15856,High Park Station at Bus Bay 3,,43.654196,-79.465648,,,,,,1,15856
13151,13151,Opposite 1042 Sheppard Ave West- Sheppard West Station,,43.750517,-79.461721,,,,,,2,13151
15889,15889,University Ave at College St - Queen's Park Station,,43.659593,-79.390491,,,,,,1,15889
15901,15901,Eglinton Ave East at Bellamy Rd North West Side - Eglinton GO Station,,43.740238,-79.232608,,,,,,1,15901
15906,15906,Kingston Rd at Celeste Dr East Side - Guildwood GO Station,,43.757245,-79.198945,,,,,,1,15906
15907,15907,Kingston Rd at Celeste Dr West Side - Guildwood GO Station,,43.756753,-79.199757,,,,,,1,15907
15999,15999,Weston Rd at Wright Ave - Weston GO Station,,43.69826,-79.510864,,,,,,1,15999
16037,16037,Rouge Hill GO Station Loop,,43.780709,-79.130359,,,,,,1,16037
16045,16045,Islington Station,,43.644815,-79.524752,,,,,,2,16045
16046,16046,Islington Station,,43.64486,-79.52454,,,,,,2,16046
16047,16047,Islington Station,,43.644905,-79.524316,,,,,,2,16047
16094,16094,Yonge St at Carlton St North Side - College Station,,43.661798,-79.383158,,,,,,1,16094
16289,16289,Humber College Station LRT Platform,,43.729905,-79.601445,,,,,,1,16289
16290,16290,Humber College Station LRT Platform,,43.729891,-79.601616,,,,,,1,16290
16291,16291,Westmore Station Eastbound Platform,,43.734701,-79.60071,,,,,,1,16291
16292,16292,Westmore Station Westbound Platform,,43.734799,-79.600708,,,,,,1,16292
16293,16293,Martin Grove Station Eastbound Platform,,43.736708,-79.591916,,,,,,1,16293
16294,16294,Martin Grove Station Westbound Platform,,43.736771,-79.591921,,,,,,1,16294
16295,16295,Albion Station Eastbound Platform,,43.741404,-79.589034,,,,,,1,16295
16296,16296,Albion Station Westbound Platform,,43.740937,-79.589332,,,,,,1,16296
16297,16297,Stevenson Station Eastbound Platform,,43.743185,-79.586943,,,,,,1,16297
16298,16298,Stevenson Station Westbound Platform,,43.743253,-79.586955,,,,,,1,16298
16299,16299,Mount Olive Station Eastbound Platform,,43.74327,-79.58177,,,,,,1,16299
16300,16300,Mount Olive Station Westbound Platform,,43.743335,-79.581793,,,,,,1,16300
16301,16301,Rowntree Mills Station Eastbound Platform,,43.746365,-79.568298,,,,,,1,16301
16302,16302,Rowntree Mills Station Westbound Platform,,43.746257,-79.568861,,,,,,1,16302
16303,16303,Pearldale Station Eastbound Platform,,43.747724,-79.562493,,,,,,1,16303
16304,16304,Pearldale Station Westbound Platform,,43.747762,-79.562501,,,,,,1,16304
16305,16305,Duncanwoods Station Eastbound Platform,,43.748853,-79.557338,,,,,,1,16305
16306,16306,Duncanwoods Station Westbound Platform,,43.748802,-79.557768,,,,,,1,16306
16307,16307,Milvan Rumike Station Eastbound Platform,,43.749999,-79.552029,,,,,,1,16307
16308,16308,Milvan Rumike Station Westbound Platform,,43.749943,-79.552589,,,,,,1,16308
16309,16309,Emery Station Eastbound Platform,,43.752088,-79.542106,,,,,,1,16309
16310,16310,Emery Station Westbound Platform,,43.752073,-79.542678,,,,,,1,16310
16311,16311,Signet Arrow Station Eastbound Platform,,43.753302,-79.53593,,,,,,1,16311
16312,16312,Signet Arrow Station Westbound Platform,,43.753283,-79.536521,,,,,,1,16312
16313,16313,Norfinch Oakdale Station Eastbound Platform,,43.755953,-79.524004,,,,,,1,16313
16314,16314,Norfinch Oakdale Station Westbound Platform,,43.755933,-79.524499,,,,,,1,16314
16315,16315,Jane and Finch Station Eastbound Platform,,43.757205,-79.517421,,,,,,1,16315
16316,16316,Jane and Finch Station Westbound Platform,,43.757291,-79.518004,,,,,,1,16316
16317,16317,Driftwood Station Eastbound Platform,,43.758068,-79.51316,,,,,,1,16317
16318,16318,Driftwood Station Westbound Platform,,43.758068,-79.513549,,,,,,1,16318
16319,16319,Tobermory Station Eastbound Platform,,43.759309,-79.507742,,,,,,1,16319
16320,16320,Tobermory Station Westbound Platform,,43.759356,-79.508094,,,,,,1,16320
16321,16321,Sentinel Station Eastbound Platform,,43.761085,-79.499846,,,,,,1,16321
16322,16322,Sentinel Station Westbound Platform,,43.761076,-79.500232,,,,,,1,16322
16323,16323,Finch West Station LRT Platform,,43.763147,-79.490703,,,,,,1,16323
16324,16324,Finch West Station LRT Platform,,43.76334,-79.490789,,,,,,1,16324
16335,16335,Scarborough Centre Station,,43.774807,-79.256381,,,,,,1,16335
16345,16345,Downsview Park Trail at Downsview Park Station,,43.753599,-79.477497,,,,,,1,16345
16333,16333,Scarborough Centre Station,,43.774771,-79.256867,,,,,,1,16333
16334,16334,Scarborough Centre Station,,43.774789,-79.256643,,,,,,1,16334
16350,16350,Castle Frank Station,,43.673323,-79.369448,,,,,,1,16350
15291,15291,Kennedy Station - Platform A,,43.732569,-79.263049,,,,,,1,15291
15306,15306,St Clair Station,,43.68768,-79.392714,,,,,,1,15306
16381,16381,Kennedy Station - Platform B,,43.731718,-79.263836,,,,,,1,16381
16390,16390,Kennedy Station - Platform B,,43.731978,-79.263574,,,,,,1,16390
16391,16391,Kennedy Station - Platform B,,43.732014,-79.263424,,,,,,1,16391
16392,16392,Kennedy Station - Platform B,,43.732067,-79.263249,,,,,,1,16392
16393,16393,Kennedy Station - Platform B,,43.731995,-79.262851,,,,,,1,16393
16394,16394,Kennedy Station - Platform B,,43.731861,-79.262789,,,,,,1,16394
16453,16453,Kennedy Station Drop-off Platform,,43.732229,-79.263511,,,,,,2,16453
16067,16067,Mount Dennis Station LRT Platform,,43.688025,-79.485789,,,,,,1,16067
16068,16068,Mount Dennis Station LRT Platform,,43.688025,-79.485789,,,,,,1,16068
16069,16069,Cedarvale Station Eastbound Platform,,43.69893,-79.435639,,,,,,1,16069
16070,16070,Cedarvale Station Westbound Platform,,43.698988,-79.436377,,,,,,1,16070
16071,16071,Avenue Station Eastbound Platform,,43.704723,-79.408728,,,,,,1,16071
16072,16072,Avenue Station Westbound Platform,,43.704902,-79.409062,,,,,,1,16072
16073,16073,Eglinton Station Eastbound Platform,,43.70638,-79.398765,,,,,,1,16073
16074,16074,Eglinton Station Westbound Platform,,43.70649,-79.399186,,,,,,1,16074
16075,16075,Laird Station Eastbound Platform,,43.713199,-79.364733,,,,,,1,16075
16076,16076,Laird Station Westbound Platform,,43.713339,-79.365328,,,,,,1,16076
16077,16077,Don Valley Station Eastbound Platform,,43.719956,-79.338946,,,,,,2,16077
16078,16078,Don Valley Station Westbound Platform,,43.720068,-79.33941,,,,,,2,16078
16079,16079,Sloane Station Eastbound Platform,,43.725837,-79.312252,,,,,,1,16079
16080,16080,Sloane Station Westbound Platform,,43.726003,-79.313108,,,,,,1,16080
16081,16081,Kennedy Station LRT Platform,,43.732791,-79.26448,,,,,,1,16081
16082,16082,Kennedy Station LRT Platform,,43.732791,-79.26448,,,,,,1,16082
16083,16083,Caledonia Station Eastbound Platform,,43.692324,-79.465079,,,,,,1,16083
16084,16084,Caledonia Station Westbound Platform,,43.692372,-79.465699,,,,,,1,16084
16085,16085,Golden Mile Station Eastbound Platform,,43.7281,-79.286352,,,,,,1,16085
16086,16086,Golden Mile Station Westbound Platform,,43.727631,-79.288901,,,,,,1,16086
16202,16202,Keelesdale Station Eastbound Platform,,43.690413,-79.474533,,,,,,1,16202
16203,16203,Keelesdale Station Westbound Platform,,43.690613,-79.474819,,,,,,1,16203
16204,16204,Fairbank Station Eastbound Platform,,43.695744,-79.44926,,,,,,1,16204
16205,16205,Fairbank Station Westbound Platform,,43.69579,-79.449625,,,,,,1,16205
16206,16206,Oakwood Station Eastbound Platform,,43.697429,-79.442726,,,,,,1,16206
16207,16207,Oakwood Station Westbound Platform,,43.697542,-79.44319,,,,,,1,16207
16208,16208,Forest Hill Station Eastbound Platform,,43.701136,-79.425086,,,,,,1,16208
16209,16209,Forest Hill Station Westbound Platform,,43.701262,-79.425518,,,,,,1,16209
16210,16210,Chaplin Station Eastbound Platform,,43.702913,-79.417098,,,,,,1,16210
16211,16211,Chaplin Station Westbound Platform,,43.703009,-79.417709,,,,,,1,16211
16212,16212,Mount Pleasant Station Eastbound Platform,,43.708503,-79.390329,,,,,,1,16212
16213,16213,Mount Pleasant Station Westbound Platform,,43.708666,-79.390542,,,,,,1,16213
16214,16214,Leaside Station Eastbound Platform,,43.710767,-79.376475,,,,,,1,16214
16215,16215,Leaside Station Westbound Platform,,43.710986,-79.376902,,,,,,1,16215
16216,16216,Sunnybrook Park Station Eastbound Platform,,43.717392,-79.34872,,,,,,1,16216
16217,16217,Sunnybrook Park Station Westbound Platform,,43.717225,-79.349549,,,,,,1,16217
16218,16218,Aga Khan Park & Museum Station Eastbound Platform,,43.722496,-79.332284,,,,,,1,16218
16219,16219,Aga Khan Park & Museum Station Westbound Platform,,43.722342,-79.3331,,,,,,1,16219
16220,16220,Wynford Station Eastbound Platform,,43.724139,-79.326236,,,,,,1,16220
16221,16221,Wynford Station Westbound Platform,,43.724027,-79.327084,,,,,,1,16221
16222,16222,O'Connor Station Eastbound Platform,,43.72482,-79.301367,,,,,,1,16222
16223,16223,O'Connor Station Westbound Platform,,43.724831,-79.302203,,,,,,1,16223
16224,16224,Pharmacy Station Eastbound Platform,,43.725881,-79.296325,,,,,,1,16224
16225,16225,Pharmacy Station Westbound Platform,,43.7258,-79.297159,,,,,,1,16225
16226,16226,Hakimi Lebovic Station Eastbound Platform,,43.727226,-79.290298,,,,,,1,16226
16227,16227,Hakimi Lebovic Station Westbound Platform,,43.726768,-79.292811,,,,,,1,16227
16228,16228,Birchmount Station Eastbound Platform,,43.730223,-79.276636,,,,,,1,16228
16229,16229,Birchmount Station Westbound Platform,,43.730139,-79.277472,,,,,,1,16229
16230,16230,Ionview Station Eastbound Platform,,43.731366,-79.271673,,,,,,1,16230
16231,16231,Ionview Station Westbound Platform,,43.731257,-79.272512,,,,,,1,16231
15304,15304,St Clair Station,,43.687832,-79.392913,,,,,,1,15304
16578,16578,Adelaide St West at Yonge St - King Station,,43.650274,-79.378551,,,,,,2,16578
16579,16579,Keelesdale Station,,43.69066,-79.474799,,,,,,1,16579
16581,16581,Keelesdale Station,,43.691096,-79.474734,,,,,,1,16581
16583,16583,Keelesdale Station,,43.690763,-79.474988,,,,,,1,16583
16585,16585,Mount Dennis Station,,43.688511,-79.487395,,,,,,1,16585
16586,16586,Mount Dennis Station,,43.688453,-79.487701,,,,,,1,16586
16587,16587,Mount Dennis Station,,43.6884,-79.487981,,,,,,1,16587
16588,16588,Mount Dennis Station,,43.68849,-79.488247,,,,,,1,16588
16589,16589,Mount Dennis Station,,43.688581,-79.488453,,,,,,1,16589
16590,16590,Mount Dennis Station,,43.688701,-79.488685,,,,,,1,16590
16591,16591,Mount Dennis Station,,43.68881,-79.488917,,,,,,1,16591
16592,16592,Mount Dennis Station,,43.688881,-79.488681,,,,,,1,16592
16593,16593,Mount Dennis Station,,43.688777,-79.488464,,,,,,1,16593
16594,16594,Mount Dennis Station,,43.688671,-79.488254,,,,,,1,16594
16595,16595,Mount Dennis Station,,43.688559,-79.488047,,,,,,1,16595
16596,16596,Mount Dennis Station,,43.688658,-79.487557,,,,,,1,16596
16598,16598,Mount Dennis Station,,43.688793,-79.486942,,,,,,1,16598
16599,16599,Caledonia Station,,43.692295,-79.465057,,,,,,1,16599
16600,16600,Caledonia Station,,43.692169,-79.465706,,,,,,1,16600
16602,16602,Don Valley Station,,43.72166,-79.33738,,,,,,1,16602
16603,16603,Don Valley Station,,43.721601,-79.337678,,,,,,1,16603
16604,16604,Don Valley Station,,43.721549,-79.337937,,,,,,1,16604
16636,16636,Warden Station,,43.709817,-79.280007,,,,,,1,16636
16639,16639,Warden Station,,43.710364,-79.279471,,,,,,1,16639
16640,16640,Warden Station,,43.710463,-79.280181,,,,,,1,16640
16642,16642,Warden Station,,43.710938,-79.28043,,,,,,1,16642
16643,16643,Warden Station,,43.711198,-79.280529,,,,,,1,16643
16638,16638,Warden Station,,43.710158,-79.279509,,,,,,1,16638
16670,16670,Aberfoyle Cres at Islington Ave (Islington Station),,43.645578,-79.523297,,,,,,1,16670
16714,16714,130 Westlake Rd - Guildwood Station,,43.75477,-79.19763,,,,,,1,16714
16733,16733,Don Valley Station,,43.721218,-79.337832,,,,,,1,16733
16754,16754,1 Front St West - Union Station,,43.646205,-79.377816,,,,,,1,16754
16760,16760,Toronto Pearson Airport - Viscount Station,,43.689608,-79.615454,,,,,,1,16760
stop_id,stop_code,stop_name,stop_desc,stop_lat,stop_lon,zone_id,stop_url,location_type,parent_station,stop_timezone,wheelchair_boarding,stop_id